{"cameraMode":{"drawMode":0,"name":"Shaded","section":"Shading Mode"},"sceneLighting":true,"audioPlay":false,"sceneViewState":{"m_AlwaysRefresh":false,"showFog":true,"showSkybox":true,"showFlares":true,"showImageEffects":true,"showParticleSystems":true,"showVisualEffectGraphs":true,"m_FxEnabled":true},"in2DMode":false,"pivot":{"x":821.373291015625,"y":258.1497497558594,"z":5.38165283203125},"rotation":{"x":0.013186520896852017,"y":0.023093484342098237,"z":0.00030370434978976846,"w":-0.9996494650840759},"size":128.45350646972657,"orthographic":true}