{"cameraMode":{"drawMode":0,"name":"Shaded","section":"Shading Mode"},"sceneLighting":true,"audioPlay":false,"sceneViewState":{"m_AlwaysRefresh":false,"showFog":true,"showSkybox":true,"showFlares":true,"showImageEffects":true,"showParticleSystems":true,"showVisualEffectGraphs":true,"m_FxEnabled":true},"in2DMode":false,"pivot":{"x":-31.698461532592775,"y":51.202880859375,"z":494.3328552246094},"rotation":{"x":0.09286539256572724,"y":-0.0038817140739411117,"z":0.00036205328069627285,"w":0.9956732988357544},"size":239.551513671875,"orthographic":true}